residue,amino_acid,plddt
1,M,75.5
2,S,85.06
3,K,88.0
4,G,93.31
5,E,93.56
6,E,95.38
7,L,97.12
8,F,97.88
9,T,94.94
10,G,95.75
11,V,98.25
12,V,98.5
13,P,98.62
14,I,98.69
15,L,98.5
16,V,98.69
17,E,98.62
18,L,98.69
19,D,98.81
20,G,98.81
21,D,98.81
22,V,98.81
23,N,98.56
24,G,98.38
25,H,98.56
26,K,98.69
27,F,98.88
28,S,98.81
29,V,98.81
30,S,98.69
31,G,98.62
32,E,98.56
33,G,98.31
34,E,98.56
35,G,98.69
36,D,98.44
37,A,98.19
38,T,96.88
39,Y,97.94
40,G,98.25
41,K,98.56
42,L,98.69
43,T,98.62
44,L,98.69
45,K,98.75
46,F,98.81
47,I,98.81
48,C,98.81
49,T,98.69
50,T,98.44
51,G,98.25
52,K,98.31
53,L,98.69
54,P,98.62
55,V,98.88
56,P,98.81
57,W,98.81
58,P,98.62
59,T,98.69
60,L,98.69
61,V,98.38
62,T,97.88
63,T,97.75
64,F,94.69
65,S,83.94
66,Y,82.12
67,G,70.38
68,V,86.0
69,Q,95.19
70,C,97.38
71,F,98.5
72,S,98.31
73,R,98.12
74,Y,97.69
75,P,96.5
76,D,94.5
77,H,94.44
78,M,97.12
79,K,96.06
80,Q,95.69
81,H,97.19
82,D,98.06
83,F,98.44
84,F,98.38
85,K,98.25
86,S,98.19
87,A,98.25
88,M,98.19
89,P,97.75
90,E,98.25
91,G,98.19
92,Y,98.62
93,V,98.56
94,Q,98.75
95,E,98.56
96,R,98.56
97,T,98.62
98,I,98.81
99,F,98.88
100,F,98.81
101,K,98.56
102,D,98.44
103,D,98.62
104,G,98.75
105,N,98.88
106,Y,98.88
107,K,98.81
108,T,98.75
109,R,98.62
110,A,98.69
111,E,98.56
112,V,98.56
113,K,98.44
114,F,98.25
115,E,98.06
116,G,97.38
117,D,97.44
118,T,98.25
119,L,98.56
120,V,98.5
121,N,98.56
122,R,98.56
123,I,98.75
124,E,98.69
125,L,98.81
126,K,98.88
127,G,98.88
128,I,98.81
129,D,98.69
130,F,98.81
131,K,98.75
132,E,98.25
133,D,97.81
134,G,98.56
135,N,98.75
136,I,98.75
137,L,98.69
138,G,98.44
139,H,98.69
140,K,98.75
141,L,98.75
142,E,98.75
143,Y,98.69
144,N,98.44
145,Y,98.25
146,N,97.81
147,S,97.75
148,H,96.94
149,N,97.44
150,V,97.31
151,Y,97.88
152,I,98.38
153,M,98.25
154,A,98.5
155,D,98.44
156,K,97.44
157,Q,97.56
158,K,97.56
159,N,98.06
160,G,98.38
161,I,98.69
162,K,98.44
163,V,98.19
164,N,94.94
165,F,97.62
166,K,98.19
167,I,98.44
168,R,98.56
169,H,98.81
170,N,98.62
171,I,98.69
172,E,98.12
173,D,97.62
174,G,97.62
175,S,98.25
176,V,98.56
177,Q,98.75
178,L,98.62
179,A,98.75
180,D,98.44
181,H,98.56
182,Y,98.31
183,Q,98.5
184,Q,98.5
185,N,98.62
186,T,98.56
187,P,98.44
188,I,98.31
189,G,96.44
190,D,94.81
191,G,93.06
192,P,95.31
193,V,98.0
194,L,97.88
195,L,98.06
196,P,97.69
197,D,96.56
198,N,97.69
199,H,98.06
200,Y,98.12
201,L,98.25
202,S,98.19
203,T,98.19
204,Q,98.12
205,S,98.31
206,A,98.5
207,L,98.69
208,S,98.81
209,K,98.69
210,D,98.5
211,P,98.31
212,N,98.56
213,E,98.44
214,K,98.38
215,R,98.69
216,D,98.69
217,H,98.81
218,M,98.81
219,V,98.75
220,L,98.62
221,L,98.5
222,E,98.38
223,F,98.38
224,V,98.44
225,T,98.38
226,A,98.31
227,A,97.62
228,G,95.56
229,I,93.5
230,T,86.38
231,H,78.19
232,G,74.56
233,M,67.69
234,D,70.5
235,E,63.56
236,L,68.44
237,Y,72.62
238,K,71.81
